"Language","Title","Short description","Full description"
"en-IN","Manipuri Calendar KangleiAstro","Authentic Manipuri Calendar, Vedic Panchang, Rashifal & Janma Patrika Kuthi.","Manipuri Calendar by KangleiAstro is the most authentic, comprehensive, and culturally rich Manipuri Calendar, Vedic Panchang, and Astrology application designed for Manipuris worldwide.

KEY FEATURES:

1. AUTHENTIC MANIPURI CALENDAR (2026 - 2027)
- Complete 12-month Manipuri lunar calendar with dual script support (Bengali Script & Meetei Mayek).
- Accurate Manipuri Thawan (lunar days), Ekadashi, Purnima, Amavasya, Tatnaba, and sacred alerts.
- Traditional Manipuri festivals including Ningol Chakouba, Yaoshang, Cheiraoba, Heikru Hidongba, Lai Haraoba, and Durga Puja.

2. ACCURATE VEDIC PANCHANG & DAILY MUHURTAS
- Daily Sunrise, Sunset, Moonrise, and Moonset calculations for Imphal and global coordinates.
- Real-time Tithi, Nakshatra, Yoga, and Karana with exact ending times.
- Auspicious timings (Abhijit Muhurta, Amrit Kaal) and inauspicious periods (Rahu Kaal, Yamaganda, Gulika Kaal).

3. DAILY RASHIFAL (HOROSCOPE)
- Detailed daily predictions for all 12 Rashis (Mesha to Meena).
- Insights for Career, Financial Growth, Love & Relationships, and Health.
- Lucky Color, Lucky Number, Lucky Direction, and favorable hours of the day.

4. KUTHI EBA & KUTHI YENGBA (JANMA PATRIKA SERVICES)
- Professional Vedic Janma Patrika (Kuthi) preparation by certified Manipuri Astrologers.
- In-depth Kundli Milan (Horoscope Matching), Yek-Salai verification, and Dosha analysis (Manglik, Kaal Sarp, Sade Sati).
- Online consultation booking with verified master astrologers.

5. LEIPUNG COMMUNITY SOCIAL FEED
- Safe and moderated cultural community to share festival greetings, religious discussions, and astrology insights.
- Multi-language support and interactive cultural discussions.

COMPLIANCE & PRIVACY:
- We strictly protect your privacy. Astrological and calendar insights are cultural guidance tools.
- Contact Support: ccare@kuthiyengpham.in
- Website: https://kuthiyengpham.in"
"bn-IN","মণিপুরী ক্যালেন্ডার কাংলৈ","মণিপুরী ক্যালেন্ডার, বৈদিক পঞ্জিকা, রাশিফল, থাবান ও কুথি ইবা-য়েংবা।","কাংলৈ এস্ট্রো মণিপুরী ক্যালেন্ডার হৈরিবা এপ অসি মৈতৈ সমাজগীদমক অমসুং মালেম শিনবা থুংনা লৈরিবা মণিপুরীশিংগীদমক অশেংবা মণিপুরী ক্যালেন্ডার, বৈদিক পঞ্জিকা অমসুং জ্যোতিষ সেবা পীবগী মকোকথোংবা প্লেটফর্মনি।

মরুওইবা শক্তমশিং:

১. মণিপুরী ক্যালেন্ডার (২০২৬ - ২০২৭)
- থা ১২গী মণিপুরী ক্যালেন্ডার (বাংলা ও মীতৈ ময়েক অনিমক্তা য়েংবা য়াবা)।
- থাবান (চন্দ্র দিন), একাদশী, পুর্নিমা, অমাবস্যা, তাতনবা অমসুং লাইনীং-থাও থৌরমশিং।
- নিঙোল চাকৌবা, য়াওশঙ, চৈরাওবা, হেক্ৰু হিদোংবা, অমসুং লাই হরাওবগী ছুতি অমসুং কুমহৈশিং।

২. বৈদিক পঞ্জিকা ও দৈনিক মুহূর্ত
- নোংপোকপা, নোংচুপপা, থা থোকপা অমসুং থা চঙবগী অচুম্বা মতম।
- তিথি, নক্ষত্র, যোগ অমসুং করণগী লোইশিনবা মতম।
- রাহু কাল, অমৃতা মুহূর্ত অমসুং শুভ সময়।

৩. দৈনিক রাশিফল
- মেষদগী হৌরগা মীন ফাওবগী রাশি ১২গী নুমিৎ খুদিংগী লৈবা রাশিফল।
- কর্ম, শেল-থুম, প্রেম অমসুং হকচাংগী ফীভমগী পাউতাক।

৪. কুথি ইবা অমসুং কুথি য়েংবা
- অনৌবা অঙাংগী জন্ম পত্রিকা (কুথি) ইবা অমসুং অরিবা কুথি নৌনা ইবা।
- কুণ্ডলী মিলন (লুহংবগী য়েন্নবা), য়েক-শালৈ মশক খঙদোকপা অমসুং দোষ খন্দোকপা।
- মণিপুরগী মমিং চৎলবা জ্যোতিষীশিংগা ৱারী শানবগী খুদোংচাবা।

৫. লৈপুং কম্যুনিটি
- সমাজগী ৱাখল্লোন, পুজা-পার্বণ অমসুং পুন্সিগী পাউতাক ফোঙদোক্নবা সেফ ওইবা ফীদ।

ইমেল: ccare@kuthiyengpham.in
ওয়েবসাইট: https://kuthiyengpham.in"
